<?xml version="1.0" encoding="UTF-8"?>
<module codename="org.netbeans.modules.javahelp/1">
    <module_version install_time="1354862463402" last="true" origin="installer" specification_version="2.27.1">
        <file crc="3126457443" name="config/Modules/org-netbeans-modules-javahelp.xml"/>
        <file crc="3274185310" name="modules/ext/jhall-2.0_05.jar"/>
        <file crc="783205758" name="modules/locale/org-netbeans-modules-javahelp_ja.jar"/>
        <file crc="2963830948" name="modules/locale/org-netbeans-modules-javahelp_pt_BR.jar"/>
        <file crc="3940071695" name="modules/locale/org-netbeans-modules-javahelp_ru.jar"/>
        <file crc="4201683643" name="modules/locale/org-netbeans-modules-javahelp_zh_CN.jar"/>
        <file crc="2823389125" name="modules/org-netbeans-modules-javahelp.jar"/>
    </module_version>
</module>
