<?xml version="1.0" encoding="UTF-8"?>
<module codename="org.openide.execution">
    <module_version install_time="1354862464517" last="true" origin="installer" specification_version="1.27.1">
        <file crc="3133979221" name="config/ModuleAutoDeps/org-openide-execution.xml"/>
        <file crc="1899864534" name="config/Modules/org-openide-execution.xml"/>
        <file crc="2265729720" name="modules/locale/org-openide-execution_ja.jar"/>
        <file crc="2692196487" name="modules/locale/org-openide-execution_pt_BR.jar"/>
        <file crc="3191320688" name="modules/locale/org-openide-execution_ru.jar"/>
        <file crc="3199023740" name="modules/locale/org-openide-execution_zh_CN.jar"/>
        <file crc="3092439213" name="modules/org-openide-execution.jar"/>
    </module_version>
</module>
