<?xml version="1.0" encoding="UTF-8"?>
<module codename="org.openide.explorer">
    <module_version install_time="1354862465621" last="true" origin="installer" specification_version="6.45.1">
        <file crc="4044847399" name="config/ModuleAutoDeps/org-openide-explorer.xml"/>
        <file crc="3046209104" name="config/Modules/org-openide-explorer.xml"/>
        <file crc="965492851" name="modules/locale/org-openide-explorer_ja.jar"/>
        <file crc="3608863472" name="modules/locale/org-openide-explorer_pt_BR.jar"/>
        <file crc="1308716445" name="modules/locale/org-openide-explorer_ru.jar"/>
        <file crc="1814876288" name="modules/locale/org-openide-explorer_zh_CN.jar"/>
        <file crc="717609233" name="modules/org-openide-explorer.jar"/>
    </module_version>
</module>
