<?xml version="1.0" encoding="UTF-8"?>
<module codename="org.netbeans.core.output2/1">
    <module_version install_time="1354862461871" last="true" origin="installer" specification_version="1.26.1">
        <file crc="1198063063" name="config/Modules/org-netbeans-core-output2.xml"/>
        <file crc="1402780680" name="modules/locale/org-netbeans-core-output2_ja.jar"/>
        <file crc="1793257025" name="modules/locale/org-netbeans-core-output2_pt_BR.jar"/>
        <file crc="3156362035" name="modules/locale/org-netbeans-core-output2_ru.jar"/>
        <file crc="2786927733" name="modules/locale/org-netbeans-core-output2_zh_CN.jar"/>
        <file crc="1000375218" name="modules/org-netbeans-core-output2.jar"/>
    </module_version>
</module>
