<?xml version="1.0" encoding="UTF-8"?>
<module codename="org.netbeans.libs.felix">
    <module_version install_time="1354862462242" last="true" origin="installer" specification_version="2.3.1">
        <file crc="1327048437" name="config/Modules/org-netbeans-libs-felix.xml"/>
        <file crc="2540636796" name="modules/ext/felix-4.0.2.jar"/>
        <file crc="2653403146" name="modules/locale/org-netbeans-libs-felix_ja.jar"/>
        <file crc="767740449" name="modules/locale/org-netbeans-libs-felix_pt_BR.jar"/>
        <file crc="3815772583" name="modules/locale/org-netbeans-libs-felix_ru.jar"/>
        <file crc="3042775864" name="modules/locale/org-netbeans-libs-felix_zh_CN.jar"/>
        <file crc="3248468330" name="modules/org-netbeans-libs-felix.jar"/>
    </module_version>
</module>
