<?xml version="1.0" encoding="UTF-8"?>
<module codename="org.openide.loaders">
    <module_version install_time="1354862465820" last="true" origin="installer" specification_version="7.37.3">
        <file crc="3523985554" name="config/ModuleAutoDeps/org-openide-loaders.xml"/>
        <file crc="3241200" name="config/Modules/org-openide-loaders.xml"/>
        <file crc="3152006637" name="modules/locale/org-openide-loaders_ja.jar"/>
        <file crc="1514865602" name="modules/locale/org-openide-loaders_pt_BR.jar"/>
        <file crc="119274482" name="modules/locale/org-openide-loaders_ru.jar"/>
        <file crc="42750226" name="modules/locale/org-openide-loaders_zh_CN.jar"/>
        <file crc="2778380968" name="modules/org-openide-loaders.jar"/>
    </module_version>
</module>
