<?xml version="1.0" encoding="UTF-8"?>
<module codename="org.openide.util.enumerations">
    <module_version install_time="1354862464960" last="true" origin="installer" specification_version="6.21.1">
        <file crc="4290833959" name="config/Modules/org-openide-util-enumerations.xml"/>
        <file crc="1039237243" name="modules/locale/org-openide-util-enumerations_ja.jar"/>
        <file crc="2358086393" name="modules/locale/org-openide-util-enumerations_pt_BR.jar"/>
        <file crc="1603419596" name="modules/locale/org-openide-util-enumerations_ru.jar"/>
        <file crc="4284533401" name="modules/locale/org-openide-util-enumerations_zh_CN.jar"/>
        <file crc="3342357042" name="modules/org-openide-util-enumerations.jar"/>
    </module_version>
</module>
