<?xml version="1.0" encoding="UTF-8"?>
<module codename="org.netbeans.modules.spi.actions/1">
    <module_version install_time="1354862464203" last="true" origin="installer" specification_version="1.15.1">
        <file crc="1336977091" name="config/Modules/org-netbeans-modules-spi-actions.xml"/>
        <file crc="3032906425" name="modules/locale/org-netbeans-modules-spi-actions_ja.jar"/>
        <file crc="752341493" name="modules/locale/org-netbeans-modules-spi-actions_pt_BR.jar"/>
        <file crc="3391794023" name="modules/locale/org-netbeans-modules-spi-actions_ru.jar"/>
        <file crc="2149900419" name="modules/locale/org-netbeans-modules-spi-actions_zh_CN.jar"/>
        <file crc="2396832236" name="modules/org-netbeans-modules-spi-actions.jar"/>
    </module_version>
</module>
