<?xml version="1.0" encoding="UTF-8"?>
<module codename="org.netbeans.spi.quicksearch">
    <module_version install_time="1354862464228" last="true" origin="installer" specification_version="1.14.1">
        <file crc="2420451830" name="config/Modules/org-netbeans-spi-quicksearch.xml"/>
        <file crc="2579004565" name="modules/locale/org-netbeans-spi-quicksearch_ja.jar"/>
        <file crc="266228046" name="modules/locale/org-netbeans-spi-quicksearch_pt_BR.jar"/>
        <file crc="4244931469" name="modules/locale/org-netbeans-spi-quicksearch_ru.jar"/>
        <file crc="1495307749" name="modules/locale/org-netbeans-spi-quicksearch_zh_CN.jar"/>
        <file crc="1425453729" name="modules/org-netbeans-spi-quicksearch.jar"/>
    </module_version>
</module>
