<?xml version="1.0" encoding="UTF-8"?>
<module codename="org.openide.windows">
    <module_version install_time="1354862465156" last="true" origin="installer" specification_version="6.55.2">
        <file crc="3877728110" name="config/Modules/org-openide-windows.xml"/>
        <file crc="2013799803" name="modules/locale/org-openide-windows_ja.jar"/>
        <file crc="516659853" name="modules/locale/org-openide-windows_pt_BR.jar"/>
        <file crc="3660295486" name="modules/locale/org-openide-windows_ru.jar"/>
        <file crc="2531324351" name="modules/locale/org-openide-windows_zh_CN.jar"/>
        <file crc="252546868" name="modules/org-openide-windows.jar"/>
    </module_version>
</module>
