<?xml version="1.0" encoding="UTF-8"?>
<module codename="org.netbeans.core.execution/1">
    <module_version install_time="1354862461233" last="true" origin="installer" specification_version="1.28.1">
        <file crc="131205059" name="config/Modules/org-netbeans-core-execution.xml"/>
        <file crc="1694906080" name="modules/locale/org-netbeans-core-execution_ja.jar"/>
        <file crc="2074988721" name="modules/locale/org-netbeans-core-execution_pt_BR.jar"/>
        <file crc="1925150912" name="modules/locale/org-netbeans-core-execution_ru.jar"/>
        <file crc="1018375661" name="modules/locale/org-netbeans-core-execution_zh_CN.jar"/>
        <file crc="4267329538" name="modules/org-netbeans-core-execution.jar"/>
    </module_version>
</module>
