<?xml version="1.0" encoding="UTF-8"?>
<module codename="org.netbeans.modules.masterfs/2">
    <module_version install_time="1354862463702" last="true" origin="installer" specification_version="2.38.2">
        <file crc="1644917168" name="config/Modules/org-netbeans-modules-masterfs.xml"/>
        <file crc="3246677557" name="modules/locale/org-netbeans-modules-masterfs_ja.jar"/>
        <file crc="2919153859" name="modules/locale/org-netbeans-modules-masterfs_pt_BR.jar"/>
        <file crc="809168148" name="modules/locale/org-netbeans-modules-masterfs_ru.jar"/>
        <file crc="398784964" name="modules/locale/org-netbeans-modules-masterfs_zh_CN.jar"/>
        <file crc="2747421513" name="modules/org-netbeans-modules-masterfs.jar"/>
    </module_version>
</module>
