<?xml version="1.0" encoding="UTF-8"?>
<module codename="org.netbeans.modules.editor.mimelookup.impl/1">
    <module_version install_time="1354862463210" last="true" origin="installer" specification_version="1.18.1">
        <file crc="3019873507" name="config/Modules/org-netbeans-modules-editor-mimelookup-impl.xml"/>
        <file crc="1102954567" name="modules/locale/org-netbeans-modules-editor-mimelookup-impl_ja.jar"/>
        <file crc="3624242221" name="modules/locale/org-netbeans-modules-editor-mimelookup-impl_pt_BR.jar"/>
        <file crc="2665947255" name="modules/locale/org-netbeans-modules-editor-mimelookup-impl_ru.jar"/>
        <file crc="25043406" name="modules/locale/org-netbeans-modules-editor-mimelookup-impl_zh_CN.jar"/>
        <file crc="1306517276" name="modules/org-netbeans-modules-editor-mimelookup-impl.jar"/>
    </module_version>
</module>
