<?xml version="1.0" encoding="UTF-8"?>
<module codename="org.netbeans.modules.autoupdate.services">
    <module_version install_time="1354862463073" last="true" origin="installer" specification_version="1.33.2">
        <file crc="83784818" name="config/Modules/org-netbeans-modules-autoupdate-services.xml"/>
        <file crc="78518140" name="modules/ext/locale/updater_ja.jar"/>
        <file crc="3059365624" name="modules/ext/locale/updater_pt_BR.jar"/>
        <file crc="1850049726" name="modules/ext/locale/updater_ru.jar"/>
        <file crc="2847470685" name="modules/ext/locale/updater_zh_CN.jar"/>
        <file crc="1838418527" name="modules/ext/updater.jar"/>
        <file crc="699821344" name="modules/locale/org-netbeans-modules-autoupdate-services_ja.jar"/>
        <file crc="144828878" name="modules/locale/org-netbeans-modules-autoupdate-services_pt_BR.jar"/>
        <file crc="3273975105" name="modules/locale/org-netbeans-modules-autoupdate-services_ru.jar"/>
        <file crc="898843951" name="modules/locale/org-netbeans-modules-autoupdate-services_zh_CN.jar"/>
        <file crc="3820362017" name="modules/org-netbeans-modules-autoupdate-services.jar"/>
    </module_version>
</module>
