<?xml version="1.0" encoding="UTF-8"?>
<module codename="org.piraso.piraso.client.api">
    <module_version install_time="1354862466012" last="true" origin="installer" specification_version="1.0">
        <file crc="3454622587" name="config/Modules/org-piraso-piraso-client-api.xml"/>
        <file crc="914671301" name="modules/ext/antlr/antlr-2.7.7.jar"/>
        <file crc="2394914688" name="modules/ext/com.sdicons.jsontools/jsontools-core-1.7.jar"/>
        <file crc="2132425966" name="modules/ext/com.thoughtworks.xstream/xstream-1.4.2.jar"/>
        <file crc="3905088850" name="modules/ext/commons-codec/commons-codec-1.4.jar"/>
        <file crc="28241745" name="modules/ext/commons-collections/commons-collections-3.2.1.jar"/>
        <file crc="937643154" name="modules/ext/commons-io/commons-io-2.4.jar"/>
        <file crc="2161200083" name="modules/ext/commons-lang/commons-lang-2.5.jar"/>
        <file crc="3077296198" name="modules/ext/commons-logging/commons-logging-1.1.1.jar"/>
        <file crc="972798868" name="modules/ext/log4j/log4j-1.2.16.jar"/>
        <file crc="273836578" name="modules/ext/net.sf.ehcache/ehcache-core-2.2.0.jar"/>
        <file crc="2974593753" name="modules/ext/net.sf.opencsv/opencsv-2.0.jar"/>
        <file crc="2808650488" name="modules/ext/org.apache.httpcomponents/httpclient-4.1.2.jar"/>
        <file crc="3671299456" name="modules/ext/org.apache.httpcomponents/httpcore-4.1.2.jar"/>
        <file crc="1180361540" name="modules/ext/org.codehaus.jackson/jackson-core-asl-1.9.0.jar"/>
        <file crc="1337273897" name="modules/ext/org.codehaus.jackson/jackson-jaxrs-1.9.0.jar"/>
        <file crc="2036659259" name="modules/ext/org.codehaus.jackson/jackson-mapper-asl-1.9.0.jar"/>
        <file crc="3416172576" name="modules/ext/org.jsoup/jsoup-1.6.3.jar"/>
        <file crc="2134861706" name="modules/ext/org.piraso/context-logger-api-1.1-SNAPSHOT.jar"/>
        <file crc="3084778932" name="modules/ext/org.piraso/context-logger-http-client-1.1-SNAPSHOT.jar"/>
        <file crc="3886837837" name="modules/ext/org.piraso/context-logger-io-1.1-SNAPSHOT.jar"/>
        <file crc="2389674902" name="modules/ext/org.piraso/jsyntaxpane-1.0-SNAPSHOT.jar"/>
        <file crc="735795422" name="modules/ext/org.slf4j/slf4j-api-1.6.4.jar"/>
        <file crc="3379943687" name="modules/ext/org.swinglabs/swing-layout-1.0.3.jar"/>
        <file crc="3900691082" name="modules/ext/xmlpull/xmlpull-1.1.3.1.jar"/>
        <file crc="2206742772" name="modules/ext/xpp3/xpp3_min-1.1.4c.jar"/>
        <file crc="2102416151" name="modules/org-piraso-piraso-client-api.jar"/>
    </module_version>
</module>
